frame,id,x_m,y_m;Frame;ID;x_m;y_m
1,1,3.58,2.96;1;1;3.83;2.56
1,2,4.29,4.80;1;2;5.22;2.90
1,3,1.26,3.61;1;3;4.19;4.25
1,4,3.63,3.64;1;4;5.24;2.19
1,5,3.80,1.49;1;5;0.87;2.82
1,6,0.64,0.82;1;6;2.42;2.46
1,7,3.28,2.23;1;7;3.19;2.87
1,8,4.28,2.35;1;8;3.26;2.41
1,9,3.32,4.16;1;9;0.23;1.61
2,1,3.58,2.95;1;10;4.41;2.74
2,2,4.29,4.80;1;12;2.60;2.71
2,3,1.27,3.61;1;15;4.18;2.76
2,4,3.63,3.64;2;1;3.83;2.56
2,5,3.80,1.49;2;2;5.22;2.90
2,6,0.63,0.82;2;3;4.19;4.25
2,7,3.28,2.23;2;4;5.24;2.19
2,8,4.29,2.35;2;5;0.87;2.82
2,9,3.32,4.17;2;6;2.41;2.47
3,1,3.57,2.96;2;7;3.19;2.87
3,2,4.28,4.80;2;8;3.26;2.41
3,3,1.27,3.63;2;9;0.23;1.61
3,4,3.63,3.64;2;10;4.41;2.74
3,5,3.80,1.49;2;12;2.60;2.71
3,6,0.63,0.82;2;15;4.17;2.77
3,7,3.28,2.23;3;1;3.83;2.56
3,8,4.29,2.35;3;2;5.21;2.90
3,9,3.32,4.16;3;3;4.19;4.25
4,1,3.57,2.96;3;4;5.24;2.19
4,2,4.28,4.80;3;5;0.87;2.82
4,3,1.27,3.64;3;6;2.41;2.47
4,4,3.62,3.64;3;7;3.19;2.87
4,5,3.81,1.49;3;8;3.26;2.41
4,6,0.63,0.82;3;9;0.23;1.60
4,7,3.29,2.23;3;10;4.40;2.74
4,9,3.32,4.16;3;12;2.60;2.72
5,1,3.57,2.95;3;15;4.17;2.77
5,2,4.28,4.80;4;1;3.83;2.56
5,3,1.26,3.65;4;2;5.21;2.90
5,4,3.62,3.64;4;3;4.19;4.24
5,5,3.81,1.49;4;4;5.24;2.19
5,6,0.62,0.82;4;5;0.87;2.82
5,7,3.50,2.22;4;6;2.41;2.48
5,9,3.32,4.16;4;7;3.19;2.87
5,11,2.99,1.81;4;8;3.26;2.41
6,1,3.57,2.95;4;9;0.24;1.61
6,2,4.29,4.80;4;10;4.40;2.74
6,3,1.27,3.65;4;12;2.60;2.72
6,4,3.62,3.64;4;15;4.17;2.76
6,5,3.81,1.49;5;1;3.83;2.56
6,6,0.62,0.82;5;2;5.21;2.91
6,7,3.57,2.21;5;3;4.19;4.24
6,9,3.32,4.17;5;4;5.24;2.19
6,11,3.00,1.81;5;5;0.87;2.82
7,1,3.57,2.95;5;6;2.41;2.47
7,2,4.29,4.80;5;7;3.19;2.87
7,3,1.27,3.65;5;8;3.26;2.42
7,4,3.61,3.63;5;9;0.23;1.62
7,5,3.82,1.49;5;10;4.40;2.74
7,6,0.62,0.82;5;12;2.60;2.72
7,7,3.61,2.21;5;15;4.17;2.76
7,9,3.32,4.16;6;1;3.83;2.56
7,11,3.00,1.81;6;2;5.21;2.92
8,1,3.56,2.95;6;3;4.19;4.24
8,2,4.29,4.80;6;4;5.24;2.19
8,3,1.27,3.65;6;5;0.87;2.82
8,4,3.61,3.63;6;6;2.42;2.47
8,5,3.82,1.49;6;7;3.19;2.87
8,6,0.62,0.82;6;8;3.26;2.42
8,7,3.62,2.21;6;9;0.23;1.62
8,9,3.32,4.16;6;10;4.40;2.74
8,11,3.00,1.81;6;12;2.60;2.72
9,1,3.56,2.95;6;15;4.17;2.76
9,2,4.29,4.80;7;1;3.83;2.56
9,3,1.28,3.65;7;2;5.22;2.92
9,4,3.61,3.63;7;3;4.19;4.24
9,5,3.82,1.49;7;4;5.24;2.19
9,6,0.61,0.82;7;5;0.87;2.81
9,7,3.62,2.22;7;6;2.42;2.47
9,9,3.32,4.17;7;7;3.19;2.87
9,11,3.00,1.81;7;8;3.26;2.43
10,1,3.56,2.95;7;9;0.23;1.62
10,2,4.29,4.80;7;10;4.57;2.70
10,3,1.27,3.65;7;12;2.60;2.73
10,4,3.60,3.63;7;15;4.17;2.76
10,5,3.83,1.49;8;1;3.83;2.56
10,6,0.62,0.82;8;2;5.22;2.93
10,7,3.62,2.22;8;3;4.19;4.24
10,9,3.32,4.17;8;4;5.24;2.19
10,11,3.01,1.81;8;5;0.87;2.80
10,15,3.29,0.75;8;6;2.42;2.47
11,1,3.56,2.95;8;7;3.19;2.87
11,2,4.28,4.79;8;8;3.26;2.43
11,3,1.25,3.65;8;9;0.23;1.62
11,4,3.59,3.63;8;10;4.64;2.68
11,5,3.83,1.49;8;12;2.60;2.73
11,7,3.62,2.21;8;15;4.17;2.76
11,9,3.33,4.18;9;1;3.83;2.56
11,11,3.01,1.81;9;2;5.22;2.93
11,15,3.28,0.75;9;3;4.19;4.24
12,1,3.56,2.95;9;4;5.24;2.19
12,2,4.28,4.79;9;5;0.87;2.79
12,3,1.25,3.65;9;6;2.43;2.47
12,4,3.58,3.63;9;7;3.19;2.87
12,5,3.83,1.49;9;8;3.26;2.43
12,7,3.61,2.21;9;9;0.23;1.61
12,9,3.33,4.18;9;10;4.66;2.67
12,11,3.01,1.81;9;12;2.60;2.73
12,15,3.26,0.75;9;15;4.17;2.76
13,1,3.55,2.95;10;1;3.83;2.56
13,2,4.28,4.79;10;2;5.20;2.94
13,3,1.24,3.65;10;3;4.19;4.24
13,4,3.58,3.63;10;4;5.24;2.18
13,5,3.82,1.49;10;5;0.86;2.78
13,7,3.59,2.21;10;6;2.43;2.47
13,9,3.34,4.20;10;7;3.19;2.87
13,11,3.01,1.81;10;8;3.26;2.44
13,15,3.25,0.75;10;9;0.23;1.61
13,17,3.43,3.77;10;10;4.67;2.67
14,1,3.55,2.95;10;12;2.59;2.73
14,2,4.28,4.79;10;15;4.17;2.76
14,3,1.24,3.66;11;1;3.83;2.56
14,4,3.58,3.63;11;2;5.19;2.95
14,5,3.83,1.49;11;3;4.19;4.24
14,7,3.58,2.21;11;4;5.24;2.18
14,9,3.35,4.21;11;5;0.85;2.76
14,11,3.01,1.81;11;6;2.41;2.47
14,15,3.24,0.75;11;7;3.19;2.87
14,17,3.43,3.77;11;8;3.26;2.44
15,1,3.55,2.95;11;9;0.24;1.61
15,2,4.28,4.79;11;10;4.67;2.67
15,3,1.25,3.66;11;12;2.59;2.73
15,4,3.58,3.63;11;15;4.17;2.76
15,5,3.82,1.49;12;1;3.83;2.56
15,7,3.56,2.21;12;2;5.21;2.95
15,9,3.34,4.21;12;3;4.19;4.24
15,11,3.00,1.81;12;4;5.24;2.18
15,15,3.24,0.75;12;6;2.41;2.47
15,17,3.42,3.77;12;7;3.19;2.86
16,1,3.55,2.95;12;8;3.26;2.44
16,2,4.28,4.79;12;9;0.24;1.61
16,3,1.24,3.66;12;10;4.66;2.67
16,4,3.57,3.63;12;12;2.59;2.73
16,5,3.82,1.49;12;15;4.17;2.76
16,7,3.57,2.21;12;21;5.64;2.58
16,9,3.35,4.21;13;1;3.83;2.56
16,11,2.99,1.81;13;2;5.21;2.96
16,15,3.26,0.75;13;3;4.19;4.24
16,17,3.42,3.77;13;4;5.24;2.18
17,1,3.55,2.95;13;6;2.41;2.47
17,2,4.28,4.79;13;7;3.19;2.86
17,3,1.24,3.66;13;8;3.26;2.44
17,4,3.57,3.64;13;9;0.24;1.61
17,5,3.82,1.49;13;10;4.67;2.67
17,7,3.59,2.21;13;12;2.59;2.73
17,9,3.36,4.22;13;15;4.18;2.76
17,11,2.98,1.80;14;1;3.83;2.56
17,15,3.25,0.75;14;2;5.22;2.96
17,17,3.41,3.77;14;3;4.19;4.24
18,1,3.54,2.95;14;4;5.24;2.18
18,2,4.28,4.79;14;6;2.41;2.47
18,3,1.25,3.66;14;7;3.19;2.87
18,4,3.56,3.64;14;8;3.26;2.44
18,5,3.82,1.49;14;9;0.24;1.61
18,7,3.59,2.21;14;10;4.67;2.67
18,9,3.36,4.22;14;12;2.59;2.74
18,11,2.98,1.80;14;15;4.18;2.76
18,15,3.26,0.74;15;1;3.83;2.56
18,17,3.41,3.77;15;2;5.22;2.96
19,1,3.54,2.95;15;3;4.19;4.24
19,2,4.28,4.79;15;4;5.24;2.18
19,3,1.26,3.66;15;6;2.41;2.47
19,4,3.57,3.64;15;7;3.19;2.86
19,5,3.82,1.49;15;8;3.26;2.44
19,7,3.58,2.21;15;9;0.24;1.61
19,9,3.36,4.23;15;10;4.67;2.67
19,11,2.98,1.80;15;12;2.59;2.73
19,15,3.27,0.74;15;15;4.18;2.76
19,17,3.41,3.77;16;1;3.83;2.56
20,1,3.54,2.95;16;2;5.22;2.96
20,2,4.28,4.79;16;3;4.19;4.24
20,3,1.26,3.66;16;4;5.23;2.18
20,4,3.57,3.64;16;6;2.41;2.47
20,5,3.82,1.49;16;7;3.19;2.86
20,7,3.59,2.21;16;8;3.26;2.44
20,9,3.36,4.24;16;9;0.23;1.60
20,11,2.98,1.80;16;10;4.66;2.67
20,15,3.27,0.74;16;12;2.59;2.73
20,17,3.41,3.78;16;15;4.18;2.76
21,1,3.54,2.95;17;1;3.83;2.56
21,2,4.28,4.79;17;2;5.28;2.97
21,3,1.27,3.65;17;3;4.19;4.24
21,4,3.57,3.64;17;4;5.23;2.18
21,5,3.82,1.49;17;6;2.41;2.47
21,7,3.59,2.21;17;7;3.19;2.86
21,9,3.37,4.24;17;8;3.26;2.44
21,11,2.98,1.80;17;9;0.30;1.64
21,15,3.29,0.74;17;10;4.66;2.67
21,17,3.40,3.78;17;12;2.59;2.73
22,1,3.54,2.95;17;15;4.17;2.76
22,2,4.28,4.79;18;1;3.83;2.56
22,3,1.27,3.65;18;2;5.26;2.98
22,4,3.56,3.64;18;3;4.19;4.24
22,5,3.82,1.48;18;4;5.23;2.17
22,7,3.59,2.21;18;6;2.41;2.47
22,9,3.39,4.34;18;7;3.19;2.86
22,11,2.98,1.80;18;8;3.26;2.44
22,15,3.33,0.74;18;9;0.32;1.66
22,17,3.40,3.78;18;10;4.68;2.67
22,21,3.37,2.21;18;12;2.59;2.73
23,1,3.54,2.95;18;15;4.17;2.76
23,2,4.28,4.79;18;23;1.75;2.46
23,3,1.27,3.65;19;1;3.83;2.55
23,4,3.56,3.64;19;2;5.25;3.00
23,5,3.82,1.48;19;3;4.19;4.24
23,7,3.59,2.20;19;4;5.23;2.17
23,9,3.40,4.37;19;6;2.41;2.47
23,11,2.98,1.81;19;7;3.19;2.86
23,17,3.40,3.78;19;8;3.26;2.44
23,21,3.37,2.21;19;9;0.33;1.67
24,1,3.54,2.95;19;10;4.69;2.67
24,2,4.27,4.79;19;12;2.59;2.73
24,3,1.27,3.65;19;15;4.17;2.76
24,4,3.56,3.64;19;23;1.70;2.46
24,5,3.83,1.48;20;1;3.83;2.55
24,7,3.59,2.20;20;2;5.25;3.00
24,9,3.41,4.38;20;3;4.19;4.24
24,11,2.99,1.81;20;4;5.23;2.17
24,17,3.40,3.78;20;6;2.42;2.47
24,21,3.38,2.21;20;7;3.19;2.86
25,1,3.53,2.95;20;8;3.26;2.43
25,2,4.27,4.79;20;9;0.34;1.68
25,3,1.28,3.60;20;10;4.69;2.67
25,4,3.56,3.64;20;12;2.59;2.73
25,5,3.83,1.48;20;15;4.17;2.76
25,7,3.59,2.21;20;23;1.69;2.46
25,9,3.41,4.39;21;1;3.83;2.55
25,11,2.99,1.81;21;2;5.25;3.01
25,17,3.39,3.77;21;3;4.19;4.24
25,21,3.38,2.21;21;4;5.23;2.17
26,1,3.53,2.95;21;6;2.42;2.47
26,2,4.28,4.79;21;7;3.19;2.86
26,3,1.29,3.64;21;8;3.26;2.43
26,4,3.56,3.64;21;9;0.34;1.67
26,5,3.83,1.48;21;10;4.69;2.67
26,7,3.59,2.21;21;12;2.58;2.73
26,9,3.41,4.39;21;15;4.18;2.76
26,11,2.99,1.81;21;23;1.68;2.46
26,17,3.39,3.77;21;24;2.10;2.93
26,21,3.38,2.21;22;1;3.83;2.55
27,1,3.54,2.95;22;2;5.25;3.01
27,2,4.28,4.79;22;3;4.20;4.24
27,3,1.28,3.66;22;4;5.23;2.17
27,4,3.55,3.63;22;6;2.42;2.48
27,5,3.83,1.49;22;7;3.19;2.86
27,7,3.59,2.21;22;8;3.26;2.43
27,9,3.40,4.39;22;9;0.33;1.67
27,11,3.00,1.81;22;10;4.70;2.67
27,17,3.39,3.77;22;12;2.59;2.72
27,21,3.38,2.21;22;15;4.18;2.76
28,1,3.53,2.95;22;23;1.68;2.47
28,2,4.28,4.79;22;24;2.11;2.93
28,3,1.14,3.65;23;1;3.83;2.55
28,4,3.55,3.63;23;2;5.25;3.01
28,5,3.82,1.49;23;3;4.20;4.24
28,7,3.58,2.21;23;4;5.23;2.17
28,9,3.41,4.38;23;6;2.42;2.48
28,11,3.00,1.81;23;7;3.19;2.86
28,17,3.40,3.77;23;8;3.26;2.43
28,21,3.38,2.21;23;9;0.33;1.67
28,27,0.20,2.24;23;10;4.70;2.67
29,1,3.53,2.95;23;12;2.59;2.72
29,2,4.28,4.79;23;15;4.18;2.76
29,3,1.09,3.65;24;1;3.83;2.55
29,4,3.55,3.63;24;2;5.25;3.01
29,5,3.82,1.49;24;3;4.20;4.24
29,7,3.58,2.21;24;4;5.23;2.18
29,9,3.41,4.39;24;6;2.42;2.48
29,11,2.99,1.81;24;7;3.19;2.86
29,17,3.40,3.77;24;8;3.26;2.43
29,21,3.37,2.21;24;9;0.33;1.68
29,27,0.21,2.23;24;10;4.70;2.67
29,15,3.38,0.74;24;12;2.59;2.72
30,1,3.54,2.95;24;15;4.18;2.76
30,2,4.28,4.79;25;1;3.83;2.55
30,3,1.07,3.65;25;2;5.26;3.01
30,4,3.55,3.63;25;3;4.20;4.24
30,5,3.82,1.50;25;4;5.23;2.18
30,7,3.62,2.15;25;7;3.19;2.86
30,9,3.41,4.39;25;8;3.26;2.43
30,11,2.99,1.80;25;9;0.32;1.69
30,17,3.40,3.77;25;10;4.70;2.67
30,21,3.38,2.21;25;12;2.59;2.71
30,27,0.21,2.23;25;15;4.18;2.75
30,15,3.38,0.74;26;1;3.83;2.55
30,6,0.67,0.83;26;2;5.26;3.01
31,1,3.54,2.95;26;3;4.20;4.24
31,2,4.28,4.79;26;4;5.23;2.18
31,3,1.08,3.65;26;7;3.19;2.86
31,4,3.55,3.62;26;8;3.26;2.43
31,5,3.82,1.50;26;9;0.32;1.69
31,7,3.64,2.13;26;10;4.70;2.67
31,9,3.40,4.38;26;12;2.59;2.71
31,11,2.99,1.80;26;15;4.18;2.76
31,17,3.40,3.76;27;1;3.83;2.55
31,21,3.38,2.21;27;2;5.26;3.01
31,27,0.22,2.23;27;3;4.20;4.24
31,15,3.38,0.74;27;4;5.23;2.18
31,32,3.24,3.77;27;7;3.19;2.86
31,6,0.68,0.83;27;8;3.26;2.43
32,1,3.54,2.95;27;9;0.32;1.70
32,2,4.28,4.79;27;10;4.70;2.67
32,3,1.09,3.65;27;15;4.18;2.76
32,4,3.55,3.61;28;1;3.83;2.55
32,5,3.82,1.51;28;2;5.26;3.01
32,7,3.65,2.12;28;3;4.20;4.24
32,9,3.40,4.38;28;4;5.23;2.18
32,11,2.99,1.80;28;7;3.19;2.86
32,17,3.40,3.76;28;8;3.26;2.43
32,21,3.38,2.21;28;9;0.33;1.70
32,27,0.22,2.23;28;10;4.70;2.66
32,15,3.38,0.74;28;15;4.18;2.76
32,32,3.24,3.77;29;1;3.83;2.55
32,6,0.68,0.83;29;2;5.26;3.02
33,1,3.54,2.95;29;3;4.20;4.24
33,2,4.28,4.79;29;4;5.23;2.17
33,3,1.09,3.65;29;7;3.19;2.86
33,4,3.56,3.61;29;8;3.26;2.43
33,5,3.82,1.51;29;9;0.33;1.70
33,7,3.66,2.11;29;10;4.70;2.67
33,9,3.40,4.37;29;15;4.18;2.76
33,11,2.99,1.80;30;1;3.82;2.55
33,17,3.40,3.76;30;2;5.27;3.02
33,27,0.22,2.23;30;3;4.20;4.24
33,15,3.39,0.74;30;4;5.23;2.17
33,32,3.24,3.77;30;7;3.19;2.86
33,6,0.68,0.83;30;8;3.26;2.43
33,34,3.78,2.95;30;9;0.32;1.70
34,1,3.54,2.95;30;10;4.70;2.67
34,2,4.28,4.79;30;15;4.18;2.76
34,3,1.09,3.65;30;5;0.99;2.74
34,4,3.56,3.60;31;1;3.82;2.55
34,5,3.82,1.51;31;2;5.27;3.02
34,7,3.67,2.12;31;3;4.20;4.23
34,9,3.40,4.38;31;4;5.23;2.17
34,11,2.99,1.81;31;7;3.20;2.86
34,17,3.41,3.75;31;8;3.26;2.43
34,27,0.30,2.23;31;9;0.32;1.70
34,15,3.39,0.74;31;10;4.70;2.67
34,32,3.24,3.77;31;15;4.18;2.76
34,6,0.67,0.83;32;1;3.82;2.55
34,34,3.76,2.95;32;2;5.27;3.03
35,1,3.55,2.95;32;3;4.20;4.23
35,2,4.28,4.79;32;4;5.23;2.17
35,3,1.08,3.65;32;7;3.20;2.86
35,4,3.56,3.60;32;8;3.26;2.43
35,5,3.82,1.50;32;9;0.32;1.71
35,7,3.67,2.12;32;10;4.70;2.67
35,9,3.40,4.38;32;15;4.18;2.76
35,11,2.99,1.81;33;1;3.82;2.55
35,17,3.41,3.75;33;2;5.27;3.02
35,27,0.41,2.23;33;3;4.20;4.23
35,15,3.39,0.74;33;4;5.23;2.17
35,32,3.24,3.77;33;7;3.20;2.86
35,6,0.67,0.83;33;8;3.26;2.43
36,1,3.55,2.95;33;9;0.32;1.70
36,2,4.28,4.79;33;10;4.70;2.67
36,3,1.08,3.65;33;15;4.18;2.77
36,4,3.56,3.60;34;1;3.82;2.55
36,5,3.82,1.50;34;2;5.27;3.03
36,7,3.68,2.12;34;3;4.20;4.23
36,9,3.40,4.39;34;4;5.24;2.17
36,11,3.00,1.81;34;7;3.20;2.86
36,17,3.41,3.75;34;8;3.26;2.43
36,27,0.50,2.26;34;9;0.32;1.70
36,15,3.39,0.74;34;10;4.70;2.67
36,32,3.24,3.77;34;15;4.17;2.77
36,6,0.67,0.83;35;1;3.82;2.55
37,1,3.56,2.95;35;2;5.27;3.03
37,2,4.28,4.79;35;3;4.20;4.23
37,3,1.08,3.65;35;4;5.24;2.17
37,4,3.56,3.60;35;7;3.20;2.86
37,5,3.82,1.47;35;8;3.26;2.43
37,7,3.68,2.12;35;9;0.32;1.70
37,9,3.40,4.39;35;10;4.70;2.67
37,11,3.00,1.81;35;15;4.17;2.77
37,17,3.41,3.75;36;1;3.82;2.55
37,27,0.60,2.27;36;2;5.27;3.03
37,15,3.39,0.74;36;3;4.20;4.22
37,32,3.25,3.77;36;4;5.24;2.17
37,6,0.67,0.83;36;7;3.20;2.86
38,1,3.56,2.95;36;8;3.26;2.43
38,2,4.28,4.80;36;9;0.32;1.70
38,3,1.07,3.65;36;10;4.70;2.67
38,4,3.56,3.60;36;15;4.17;2.78
38,5,3.82,1.47;37;1;3.82;2.55
38,7,3.68,2.12;37;2;5.28;3.03
38,9,3.40,4.40;37;3;4.20;4.22
38,11,3.00,1.81;37;4;5.24;2.18
38,17,3.41,3.75;37;7;3.20;2.86
38,27,0.65,2.27;37;8;3.26;2.43
38,15,3.39,0.74;37;9;0.33;1.70
38,32,3.24,3.77;37;10;4.69;2.67
38,6,0.68,0.83;37;15;4.17;2.78
39,1,3.56,2.95;38;1;3.82;2.55
39,2,4.28,4.80;38;2;5.28;3.03
39,3,1.07,3.65;38;3;4.19;4.22
39,4,3.57,3.60;38;4;5.24;2.18
39,5,3.82,1.46;38;7;3.20;2.86
39,7,3.68,2.12;38;8;3.26;2.43
39,9,3.40,4.40;38;9;0.33;1.70
39,11,3.00,1.81;38;10;4.70;2.67
39,17,3.42,3.76;38;15;4.17;2.78
39,27,0.70,2.24;39;1;3.82;2.55
39,15,3.39,0.74;39;2;5.28;3.03
39,32,3.24,3.77;39;3;4.19;4.23
39,6,0.68,0.83;39;4;5.24;2.18
39,39,4.77,0.52;39;7;3.19;2.86
40,1,3.57,2.95;39;8;3.26;2.44
40,2,4.29,4.80;39;9;0.32;1.70
40,3,1.07,3.65;39;10;4.69;2.67
40,4,3.57,3.60;39;15;4.17;2.78
40,5,3.82,1.45;40;1;3.82;2.55
40,7,3.67,2.12;40;2;5.28;3.03
40,9,3.40,4.40;40;3;4.19;4.23
40,11,3.00,1.80;40;4;5.24;2.18
40,17,3.43,3.76;40;7;3.20;2.86
40,27,0.75,2.22;40;8;3.26;2.44
40,15,3.39,0.74;40;9;0.33;1.70
40,32,3.24,3.77;40;10;4.69;2.67
40,6,0.68,0.83;40;15;4.18;2.78
40,39,4.76,0.52;41;1;3.82;2.55
40,41,3.24,3.93;41;2;5.27;3.02
40,42,3.62,2.20;41;3;4.19;4.23
41,1,3.57,2.95;41;4;5.24;2.18
41,2,4.29,4.79;41;7;3.20;2.86
41,3,1.07,3.65;41;8;3.26;2.44
41,4,3.57,3.60;41;9;0.33;1.70
41,5,3.82,1.45;41;10;4.69;2.67
41,7,3.67,2.12;41;15;4.18;2.78
41,9,3.40,4.40;42;1;3.82;2.55
41,11,3.00,1.80;42;2;5.27;3.02
41,17,3.43,3.76;42;3;4.19;4.23
41,27,0.79,2.21;42;4;5.24;2.17
41,15,3.39,0.74;42;7;3.20;2.86
41,32,3.24,3.77;42;8;3.26;2.44
41,6,0.68,0.83;42;9;0.33;1.70
41,39,4.77,0.52;42;10;4.69;2.67
41,41,3.24,3.93;42;15;4.18;2.78
41,42,3.61,2.20;43;1;3.82;2.55
41,43,0.12,2.46;43;2;5.27;3.02
42,1,3.58,2.95;43;3;4.19;4.23
42,2,4.29,4.79;43;4;5.24;2.17
42,3,1.07,3.64;43;7;3.20;2.86
42,4,3.58,3.60;43;8;3.26;2.44
42,5,3.82,1.45;43;9;0.33;1.70
42,7,3.67,2.12;43;10;4.69;2.66
42,9,3.40,4.40;43;15;4.18;2.78
42,11,3.00,1.80;44;1;3.82;2.55
42,17,3.44,3.76;44;2;5.27;3.02
42,27,0.84,2.19;44;3;4.19;4.23
42,15,3.39,0.74;44;4;5.24;2.17
42,32,3.24,3.77;44;7;3.20;2.86
42,6,0.68,0.83;44;8;3.26;2.44
42,39,4.77,0.52;44;9;0.33;1.70
42,41,3.24,3.93;44;10;4.69;2.66
42,42,3.61,2.21;44;15;4.18;2.78
42,43,0.14,2.46;45;1;3.82;2.55
43,1,3.58,2.95;45;2;5.27;3.02
43,2,4.29,4.79;45;3;4.19;4.23
43,3,1.06,3.65;45;4;5.24;2.17
43,4,3.59,3.60;45;7;3.20;2.86
43,5,3.82,1.45;45;8;3.26;2.44
43,7,3.67,2.12;45;9;0.33;1.70
43,9,3.40,4.40;45;10;4.69;2.66
43,11,2.99,1.80;45;15;4.18;2.78
43,27,0.88,2.17;45;12;2.58;2.74
43,15,3.39,0.74;46;1;3.82;2.55
43,32,3.25,3.77;46;2;5.27;3.02
43,6,0.68,0.83;46;3;4.19;4.23
43,39,4.77,0.52;46;4;5.24;2.18
43,41,3.24,3.93;46;7;3.20;2.86
43,42,3.60,2.21;46;8;3.26;2.43
43,43,0.14,2.45;46;9;0.33;1.70
44,1,3.58,2.95;46;10;4.69;2.67
44,2,4.29,4.79;46;15;4.18;2.78
44,3,1.06,3.65;46;12;2.59;2.74
44,4,3.60,3.60;47;1;3.82;2.55
44,5,3.82,1.45;47;2;5.27;3.02
44,7,3.66,2.12;47;3;4.19;4.23
44,9,3.40,4.40;47;4;5.24;2.18
44,11,2.99,1.80;47;7;3.20;2.86
44,27,0.89,2.17;47;8;3.26;2.43
44,15,3.39,0.74;47;9;0.33;1.70
44,32,3.25,3.77;47;10;4.69;2.67
44,6,0.68,0.83;47;15;4.18;2.78
44,39,4.77,0.52;47;12;2.58;2.74
44,41,3.24,3.93;48;1;3.82;2.55
44,42,3.60,2.21;48;2;5.27;3.02
44,43,0.14,2.44;48;3;4.19;4.23
45,1,3.59,2.95;48;4;5.24;2.18
45,2,4.29,4.79;48;7;3.21;2.86
45,3,1.06,3.65;48;8;3.26;2.43
45,4,3.60,3.60;48;9;0.32;1.70
45,5,3.82,1.45;48;10;4.69;2.66
45,7,3.66,2.12;48;15;4.18;2.78
45,9,3.40,4.40;48;12;2.58;2.75
45,11,2.99,1.80;49;1;3.82;2.55
45,27,1.00,2.15;49;2;5.27;3.02
45,15,3.39,0.74;49;3;4.19;4.23
45,32,3.25,3.77;49;4;5.24;2.18
45,6,0.68,0.83;49;7;3.21;2.86
45,39,4.77,0.53;49;8;3.26;2.43
45,41,3.24,3.93;49;9;0.33;1.70
45,42,3.61,2.21;49;10;4.69;2.66
45,43,0.13,2.42;49;15;4.18;2.78
46,1,3.59,2.95;49;12;2.58;2.75
46,2,4.29,4.79;50;1;3.82;2.55
46,3,1.06,3.65;50;2;5.27;3.02
46,4,3.60,3.60;50;3;4.19;4.23
46,5,3.82,1.45;50;4;5.24;2.18
46,7,3.67,2.12;50;7;3.21;2.86
46,11,2.99,1.80;50;8;3.26;2.43
46,27,1.11,2.14;50;9;0.33;1.70
46,15,3.39,0.74;50;10;4.69;2.66
46,6,0.68,0.83;50;15;4.18;2.78
46,39,4.77,0.53;50;12;2.58;2.75
46,41,3.24,3.93;51;1;3.82;2.55
46,42,3.61,2.21;51;2;5.27;3.02
46,43,0.19,2.39;51;3;4.19;4.23
47,1,3.59,2.94;51;4;5.24;2.18
47,2,4.29,4.79;51;7;3.21;2.86
47,3,1.06,3.65;51;8;3.26;2.43
47,4,3.61,3.60;51;9;0.33;1.70
47,5,3.82,1.45;51;10;4.69;2.66
47,11,3.00,1.80;51;15;4.18;2.78
47,27,1.20,2.13;51;12;2.58;2.75
47,15,3.38,0.74;52;1;3.82;2.55
47,6,0.67,0.83;52;2;5.27;3.02
47,39,4.77,0.53;52;3;4.19;4.23
47,41,3.25,3.93;52;4;5.24;2.18
47,42,3.60,2.21;52;7;3.21;2.86
47,43,0.18,2.37;52;8;3.26;2.43
48,1,3.60,2.94;52;9;0.33;1.70
48,2,4.29,4.79;52;10;4.69;2.66
48,3,1.06,3.65;52;15;4.18;2.78
48,4,3.61,3.59;52;12;2.57;2.75
48,5,3.82,1.45;53;1;3.82;2.55
48,11,2.99,1.79;53;2;5.27;3.02
48,27,1.28,2.12;53;3;4.19;4.23
48,15,3.38,0.74;53;4;5.24;2.18
48,6,0.68,0.83;53;7;3.21;2.86
48,39,4.77,0.53;53;8;3.26;2.43
48,41,3.25,3.92;53;9;0.33;1.69
48,42,3.60,2.21;53;10;4.69;2.66
48,43,0.34,2.36;53;15;4.18;2.78
49,1,3.60,2.94;53;12;2.57;2.75
49,2,4.29,4.79;54;1;3.82;2.55
49,3,1.07,3.65;54;2;5.27;3.02
49,4,3.61,3.59;54;3;4.19;4.23
49,5,3.82,1.45;54;4;5.24;2.18
49,11,2.99,1.79;54;7;3.21;2.86
49,27,1.35,2.11;54;8;3.26;2.43
49,15,3.38,0.74;54;9;0.33;1.69
49,6,0.68,0.83;54;10;4.69;2.66
49,39,4.78,0.53;54;15;4.18;2.78
49,41,3.25,3.93;54;12;2.57;2.74
49,42,3.60,2.21;55;1;3.82;2.55
49,43,0.43,2.35;55;2;5.26;3.02
50,1,3.60,2.94;55;3;4.19;4.23
50,2,4.29,4.80;55;4;5.25;2.18
50,3,1.08,3.66;55;7;3.21;2.86
50,4,3.62,3.59;55;8;3.26;2.43
50,5,3.82,1.46;55;9;0.33;1.69
50,11,3.00,1.79;55;10;4.69;2.65
50,27,1.37,2.11;55;15;4.19;2.78
50,15,3.38,0.74;55;12;2.57;2.74
50,6,0.68,0.83;56;1;3.82;2.55
50,39,4.78,0.53;56;2;5.26;3.02
50,41,3.25,3.93;56;3;4.19;4.23
50,42,3.60,2.21;56;4;5.25;2.18
50,43,0.47,2.35;56;7;3.20;2.86
;56;8;3.26;2.43
;56;9;0.33;1.69
;56;10;4.69;2.65
;56;15;4.19;2.78
;56;12;2.57;2.74
;56;30;0.24;1.61
;57;1;3.82;2.55
;57;2;5.26;3.02
;57;3;4.19;4.23
;57;4;5.25;2.18
;57;7;3.20;2.86
;57;8;3.26;2.43
;57;9;0.33;1.69
;57;10;4.69;2.65
;57;15;4.19;2.78
;57;12;2.58;2.74
;57;30;0.24;1.61
;58;1;3.82;2.55
;58;2;5.26;3.02
;58;3;4.19;4.23
;58;4;5.25;2.18
;58;7;3.21;2.87
;58;8;3.26;2.44
;58;9;0.33;1.69
;58;10;4.69;2.64
;58;15;4.19;2.78
;58;30;0.24;1.62
;59;1;3.82;2.55
;59;2;5.26;3.02
;59;3;4.19;4.23
;59;4;5.25;2.18
;59;7;3.21;2.87
;59;8;3.26;2.44
;59;9;0.33;1.69
;59;10;4.69;2.64
;59;15;4.19;2.78
;59;30;0.24;1.62
;60;1;3.82;2.55
;60;2;5.25;3.02
;60;3;4.19;4.23
;60;4;5.25;2.18
;60;7;3.22;2.87
;60;8;3.26;2.43
;60;9;0.33;1.69
;60;10;4.70;2.63
;60;15;4.19;2.78
;60;30;0.24;1.62
;60;31;1.28;2.92
;61;1;3.82;2.55
;61;2;5.25;3.02
;61;3;4.19;4.23
;61;4;5.24;2.18
;61;7;3.22;2.87
;61;8;3.26;2.43
;61;9;0.33;1.69
;61;10;4.70;2.62
;61;15;4.19;2.78
;61;30;0.24;1.62
;61;31;1.30;2.91
;62;1;3.82;2.55
;62;2;5.25;3.02
;62;3;4.19;4.23
;62;4;5.24;2.18
;62;7;3.21;2.87
;62;8;3.26;2.43
;62;9;0.32;1.69
;62;10;4.70;2.62
;62;15;4.19;2.78
;62;30;0.24;1.62
;62;31;1.30;2.91
;63;1;3.82;2.55
;63;2;5.25;3.02
;63;3;4.19;4.23
;63;4;5.24;2.18
;63;7;3.21;2.87
;63;8;3.25;2.43
;63;9;0.32;1.69
;63;10;4.69;2.62
;63;15;4.19;2.79
;63;30;0.23;1.62
;64;1;3.82;2.55
;64;2;5.25;3.01
;64;3;4.19;4.23
;64;4;5.24;2.18
;64;7;3.21;2.87
;64;8;3.25;2.43
;64;9;0.32;1.70
;64;15;4.19;2.79
;64;30;0.23;1.62
;64;31;1.33;2.91
;65;1;3.82;2.55
;65;2;5.25;3.01
;65;3;4.19;4.23
;65;4;5.24;2.18
;65;7;3.21;2.87
;65;8;3.26;2.43
;65;9;0.32;1.70
;65;15;4.19;2.79
;65;31;1.35;2.93
;66;1;3.82;2.55
;66;2;5.25;3.01
;66;3;4.19;4.23
;66;4;5.24;2.18
;66;7;3.21;2.87
;66;8;3.26;2.43
;66;9;0.32;1.70
;66;15;4.18;2.79
;66;31;1.36;2.95
;67;1;3.82;2.55
;67;2;5.25;3.01
;67;3;4.19;4.21
;67;4;5.24;2.18
;67;7;3.20;2.87
;67;8;3.26;2.42
;67;9;0.33;1.70
;67;15;4.19;2.79
;67;31;1.38;3.02
;67;10;4.69;2.60
;68;1;3.82;2.55
;68;2;5.25;3.01
;68;3;4.19;4.21
;68;4;5.23;2.18
;68;7;3.20;2.87
;68;8;3.26;2.42
;68;15;4.19;2.79
;68;31;1.38;3.04
;68;10;4.69;2.60
;69;1;3.82;2.55
;69;2;5.25;3.01
;69;3;4.19;4.21
;69;4;5.23;2.18
;69;7;3.20;2.87
;69;8;3.26;2.42
;69;15;4.19;2.79
;69;10;4.69;2.60
;70;1;3.82;2.55
;70;2;5.25;3.01
;70;3;4.19;4.21
;70;4;5.23;2.18
;70;7;3.20;2.88
;70;8;3.26;2.42
;70;15;4.19;2.79
;70;10;4.69;2.60
;71;1;3.82;2.55
;71;2;5.25;3.01
;71;3;4.18;4.22
;71;4;5.24;2.17
;71;7;3.20;2.87
;71;8;3.25;2.42
;71;15;4.19;2.79
;71;10;4.69;2.59
;72;1;3.82;2.55
;72;2;5.25;3.02
;72;3;4.19;4.23
;72;4;5.24;2.18
;72;7;3.20;2.87
;72;8;3.25;2.42
;72;15;4.19;2.79
;72;10;4.68;2.59
;73;1;3.82;2.55
;73;2;5.25;3.02
;73;3;4.19;4.23
;73;4;5.24;2.18
;73;7;3.20;2.87
;73;8;3.26;2.42
;73;15;4.19;2.79
;73;10;4.68;2.59
;74;1;3.82;2.56
;74;2;5.25;3.02
;74;3;4.19;4.23
;74;4;5.24;2.18
;74;7;3.20;2.87
;74;8;3.26;2.42
;74;15;4.19;2.79
;74;10;4.68;2.59
;75;1;3.82;2.55
;75;2;5.25;3.02
;75;3;4.18;4.23
;75;4;5.24;2.17
;75;7;3.20;2.87
;75;8;3.26;2.42
;75;15;4.19;2.79
;75;10;4.68;2.59
;76;1;3.82;2.56
;76;2;5.25;3.02
;76;3;4.18;4.23
;76;4;5.24;2.17
;76;7;3.20;2.87
;76;8;3.26;2.42
;76;15;4.19;2.79
;77;1;3.82;2.56
;77;2;5.25;3.02
;77;3;4.22;4.23
;77;4;5.24;2.17
;77;7;3.20;2.87
;77;8;3.26;2.42
;77;15;4.19;2.79
;78;1;3.82;2.56
;78;2;5.25;3.01
;78;3;4.24;4.23
;78;4;5.24;2.17
;78;7;3.20;2.87
;78;8;3.26;2.42
;78;15;4.19;2.79
;78;10;4.68;2.58
;78;31;1.62;3.27
;79;1;3.82;2.56
;79;2;5.25;3.01
;79;3;4.25;4.24
;79;4;5.24;2.17
;79;7;3.21;2.87
;79;8;3.26;2.42
;79;15;4.19;2.79
;79;10;4.68;2.58
;79;31;1.65;3.28
;80;1;3.82;2.56
;80;2;5.25;3.01
;80;3;4.26;4.24
;80;4;5.24;2.17
;80;7;3.21;2.87
;80;8;3.26;2.42
;80;15;4.19;2.79
;80;10;4.68;2.58
;80;31;1.65;3.29
;81;1;3.82;2.56
;81;2;5.25;3.02
;81;3;4.26;4.23
;81;4;5.24;2.17
;81;7;3.21;2.87
;81;8;3.26;2.42
;81;15;4.18;2.79
;81;10;4.67;2.58
;82;1;3.82;2.56
;82;2;5.25;3.02
;82;3;4.26;4.22
;82;4;5.24;2.17
;82;7;3.21;2.87
;82;8;3.26;2.42
;82;10;4.68;2.57
;82;31;1.67;3.31
;83;1;3.82;2.56
;83;2;5.25;3.02
;83;3;4.25;4.22
;83;4;5.24;2.16
;83;7;3.21;2.87
;83;15;4.18;2.79
;83;10;4.68;2.57
;83;31;1.69;3.32
;84;1;3.82;2.56
;84;2;5.25;3.02
;84;3;4.21;4.22
;84;4;5.24;2.17
;84;7;3.21;2.87
;84;8;3.25;2.43
;84;15;4.18;2.79
;84;10;4.68;2.57
;84;31;1.70;3.34
;85;1;3.82;2.56
;85;2;5.25;3.02
;85;3;4.19;4.22
;85;4;5.24;2.17
;85;7;3.21;2.87
;85;8;3.25;2.42
;85;15;4.18;2.79
;85;10;4.68;2.57
;85;31;1.68;3.37
;86;1;3.82;2.56
;86;2;5.25;3.02
;86;3;4.18;4.22
;86;4;5.24;2.17
;86;7;3.21;2.87
;86;8;3.26;2.42
;86;15;4.18;2.79
;86;10;4.68;2.57
;86;31;1.68;3.38
;87;1;3.82;2.56
;87;2;5.25;3.02
;87;3;4.18;4.22
;87;4;5.24;2.16
;87;7;3.21;2.87
;87;8;3.26;2.42
;87;15;4.19;2.79
;87;10;4.68;2.57
;87;31;1.70;3.42
;87;41;1.83;4.50
;88;1;3.82;2.56
;88;2;5.25;3.02
;88;3;4.17;4.23
;88;4;5.23;2.17
;88;7;3.21;2.87
;88;8;3.26;2.42
;88;15;4.19;2.79
;88;10;4.68;2.56
;88;31;1.71;3.47
;88;41;1.84;4.50
;89;1;3.82;2.56
;89;2;5.25;3.02
;89;3;4.16;4.22
;89;4;5.23;2.17
;89;7;3.21;2.87
;89;8;3.26;2.42
;89;15;4.19;2.79
;89;31;1.72;3.50
;89;41;1.84;4.50
;90;1;3.82;2.56
;90;2;5.25;3.01
;90;3;4.16;4.24
;90;4;5.24;2.17
;90;7;3.21;2.87
;90;8;3.26;2.42
;90;15;4.19;2.79
;90;31;1.74;3.53
;90;41;1.84;4.50
;91;1;3.82;2.56
;91;2;5.25;3.01
;91;3;4.15;4.24
;91;4;5.24;2.17
;91;8;3.25;2.42
;91;15;4.19;2.79
;91;10;4.69;2.55
;91;31;1.76;3.56
;91;41;1.83;4.49
;91;42;0.95;4.53
;92;1;3.82;2.56
;92;2;5.25;3.01
;92;3;4.14;4.23
;92;4;5.24;2.17
;92;8;3.25;2.42
;92;15;4.19;2.79
;92;10;4.70;2.55
;92;31;1.77;3.57
;92;41;1.83;4.49
;92;42;0.95;4.53
;93;1;3.82;2.56
;93;2;5.25;3.02
;93;3;4.15;4.27
;93;4;5.23;2.17
;93;8;3.26;2.42
;93;15;4.19;2.79
;93;10;4.70;2.54
;93;31;1.78;3.59
;93;41;1.83;4.49
;93;42;0.95;4.54
;94;1;3.82;2.56
;94;2;5.25;3.02
;94;3;4.15;4.28
;94;4;5.23;2.17
;94;8;3.25;2.42
;94;10;4.70;2.54
;94;31;1.81;3.60
;94;41;1.83;4.50
;94;42;0.95;4.55
;95;1;3.82;2.56
;95;2;5.25;3.02
;95;3;4.15;4.26
;95;4;5.24;2.16
;95;8;3.25;2.42
;95;10;4.70;2.54
;95;31;1.84;3.61
;95;41;1.83;4.50
;95;42;0.95;4.53
;95;44;1.56;2.50
;96;1;3.82;2.56
;96;2;5.25;3.02
;96;3;4.14;4.25
;96;4;5.24;2.16
;96;8;3.26;2.42
;96;10;4.70;2.53
;96;31;1.87;3.62
;96;41;1.83;4.50
;96;42;0.95;4.52
;96;44;1.55;2.51
;97;1;3.82;2.56
;97;2;5.25;3.02
;97;3;4.14;4.25
;97;4;5.24;2.16
;97;8;3.26;2.42
;97;10;4.70;2.53
;97;31;1.90;3.64
;97;41;1.82;4.50
;97;42;0.95;4.52
;97;44;1.54;2.51
;98;1;3.82;2.56
;98;2;5.25;3.02
;98;3;4.14;4.25
;98;4;5.24;2.16
;98;8;3.26;2.42
;98;10;4.70;2.53
;98;31;1.90;3.64
;98;41;1.82;4.50
;98;42;0.95;4.52
;98;44;1.53;2.51
;99;1;3.82;2.56
;99;2;5.25;3.02
;99;3;4.14;4.25
;99;4;5.24;2.16
;99;8;3.26;2.42
;99;10;4.70;2.53
;99;31;1.91;3.65
;99;41;1.82;4.50
;99;42;0.95;4.51
;100;1;3.82;2.56
;100;2;5.25;3.02
;100;3;4.14;4.24
;100;4;5.24;2.16
;100;8;3.25;2.42
;100;10;4.70;2.53
;100;31;1.91;3.67
;100;41;1.81;4.50
;100;42;0.94;4.52
;100;44;1.52;2.52
;100;7;3.21;2.87
;101;1;3.82;2.56
;101;2;5.25;3.02
;101;3;4.14;4.24
;101;4;5.24;2.16
;101;8;3.25;2.42
;101;10;4.70;2.52
;101;31;1.91;3.70
;101;41;1.81;4.50
;101;42;0.94;4.53
;101;44;1.50;2.52
;101;7;3.20;2.87
;102;1;3.82;2.56
;102;2;5.25;3.02
;102;3;4.14;4.24
;102;4;5.24;2.16
;102;8;3.25;2.42
;102;10;4.70;2.52
;102;41;1.81;4.50
;102;42;0.94;4.53
;102;7;3.20;2.87
;103;1;3.82;2.56
;103;2;5.25;3.02
;103;3;4.14;4.24
;103;4;5.24;2.16
;103;8;3.25;2.42
;103;10;4.70;2.51
;103;31;1.95;3.78
;103;41;1.81;4.50
;103;42;0.94;4.53
;103;44;1.46;2.53
;103;7;3.20;2.87
;104;1;3.82;2.56
;104;2;5.25;3.02
;104;3;4.14;4.24
;104;4;5.24;2.16
;104;8;3.25;2.42
;104;10;4.70;2.51
;104;31;1.95;3.79
;104;41;1.81;4.50
;104;42;0.94;4.53
;104;44;1.45;2.53
;104;7;3.20;2.87
;105;1;3.82;2.56
;105;2;5.25;3.02
;105;3;4.14;4.24
;105;4;5.24;2.16
;105;8;3.25;2.42
;105;10;4.71;2.51
;105;31;1.97;3.82
;105;41;1.82;4.50
;105;42;0.94;4.54
;105;7;3.20;2.87
;106;1;3.82;2.56
;106;2;5.25;3.02
;106;3;4.14;4.23
;106;4;5.24;2.15
;106;8;3.25;2.42
;106;10;4.71;2.51
;106;31;2.01;3.84
;106;41;1.81;4.50
;106;42;0.94;4.54
;106;7;3.20;2.87
;107;1;3.82;2.56
;107;2;5.25;3.02
;107;3;4.14;4.24
;107;4;5.25;2.15
;107;8;3.25;2.42
;107;10;4.71;2.50
;107;31;2.06;3.86
;107;41;1.81;4.50
;107;42;0.94;4.55
;107;7;3.20;2.87
;108;1;3.82;2.56
;108;2;5.25;3.02
;108;3;4.14;4.24
;108;4;5.25;2.15
;108;8;3.25;2.42
;108;10;4.71;2.50
;108;31;2.11;3.89
;108;41;1.81;4.49
;108;42;0.94;4.55
;108;7;3.20;2.87
;109;1;3.82;2.56
;109;2;5.25;3.02
;109;3;4.14;4.24
;109;4;5.25;2.15
;109;8;3.25;2.42
;109;10;4.71;2.51
;109;31;2.15;3.91
;109;41;1.81;4.50
;109;42;0.94;4.55
;109;7;3.21;2.87
;110;1;3.82;2.56
;110;2;5.25;3.02
;110;3;4.14;4.24
;110;4;5.25;2.15
;110;8;3.25;2.42
;110;10;4.71;2.51
;110;31;2.17;3.92
;110;41;1.80;4.50
;110;42;0.94;4.55
;110;7;3.21;2.87
;111;1;3.82;2.56
;111;2;5.25;3.02
;111;3;4.14;4.24
;111;4;5.25;2.15
;111;8;3.25;2.42
;111;10;4.71;2.51
;111;31;2.19;3.94
;111;41;1.80;4.50
;111;42;0.94;4.55
;111;7;3.21;2.87
;112;1;3.82;2.56
;112;2;5.25;3.02
;112;3;4.14;4.24
;112;4;5.25;2.15
;112;8;3.25;2.42
;112;10;4.71;2.51
;112;31;2.21;3.94
;112;41;1.80;4.51
;112;42;0.94;4.55
;112;7;3.20;2.87
;113;1;3.82;2.56
;113;2;5.25;3.02
;113;3;4.15;4.25
;113;4;5.25;2.15
;113;8;3.25;2.41
;113;10;4.72;2.51
;113;31;2.23;3.95
;113;41;1.80;4.51
;113;42;0.94;4.56
;113;7;3.20;2.87
;114;1;3.82;2.56
;114;2;5.25;3.02
;114;3;4.15;4.26
;114;4;5.26;2.15
;114;8;3.25;2.41
;114;10;4.72;2.51
;114;31;2.24;3.97
;114;41;1.79;4.51
;114;42;0.94;4.56
;114;7;3.20;2.87
;115;1;3.82;2.55
;115;2;5.25;3.02
;115;3;4.15;4.26
;115;4;5.26;2.16
;115;8;3.25;2.41
;115;15;4.19;2.79
;115;10;4.72;2.51
;115;31;2.26;3.99
;115;41;1.79;4.51
;115;42;0.94;4.56
;115;7;3.20;2.87
;116;1;3.82;2.55
;116;2;5.25;3.02
;116;3;4.15;4.26
;116;4;5.18;2.19
;116;8;3.25;2.41
;116;15;4.19;2.78
;116;10;4.72;2.52
;116;31;2.26;3.99
;116;41;1.79;4.50
;116;42;0.94;4.56
;116;7;3.20;2.87
;117;1;3.82;2.55
;117;2;5.25;3.02
;117;3;4.15;4.26
;117;4;5.15;2.20
;117;8;3.25;2.41
;117;10;4.72;2.52
;117;31;2.27;4.02
;117;41;1.78;4.51
;117;42;0.93;4.56
;117;7;3.20;2.87
;118;1;3.82;2.55
;118;2;5.25;3.02
;118;3;4.15;4.27
;118;4;5.14;2.21
;118;8;3.25;2.41
;118;10;4.72;2.52
;118;31;2.28;4.05
;118;41;1.78;4.51
;118;42;0.93;4.56
;118;7;3.20;2.87
;119;1;3.82;2.55
;119;2;5.25;3.02
;119;3;4.15;4.27
;119;4;5.14;2.22
;119;8;3.25;2.41
;119;15;4.19;2.78
;119;10;4.72;2.53
;119;41;1.78;4.52
;119;42;0.94;4.56
;119;7;3.20;2.87
;119;58;5.26;2.17
;120;1;3.82;2.55
;120;2;5.25;3.02
;120;3;4.15;4.27
;120;4;5.15;2.22
;120;8;3.25;2.41
;120;15;4.19;2.78
;120;10;4.72;2.53
;120;41;1.77;4.53
;120;42;0.94;4.55
;120;7;3.20;2.87
;120;58;5.26;2.18
;121;1;3.82;2.55
;121;2;5.25;3.02
;121;3;4.15;4.27
;121;4;5.15;2.22
;121;8;3.25;2.41
;121;15;4.19;2.78
;121;10;4.73;2.53
;121;31;2.33;4.16
;121;41;1.77;4.54
;121;42;0.94;4.55
;121;7;3.20;2.87
;121;58;5.27;2.18
;122;1;3.82;2.55
;122;2;5.25;3.02
;122;3;4.15;4.27
;122;4;5.15;2.22
;122;8;3.25;2.41
;122;15;4.19;2.78
;122;10;4.73;2.53
;122;31;2.34;4.17
;122;41;1.77;4.54
;122;42;0.94;4.55
;122;7;3.20;2.87
;122;58;5.27;2.18
;123;1;3.82;2.55
;123;2;5.25;3.02
;123;3;4.15;4.27
;123;4;5.16;2.23
;123;8;3.25;2.41
;123;15;4.19;2.78
;123;10;4.73;2.53
;123;31;2.36;4.18
;123;41;1.77;4.54
;123;42;0.94;4.56
;123;7;3.20;2.87
;123;58;5.27;2.18
;124;1;3.82;2.55
;124;2;5.25;3.02
;124;3;4.16;4.28
;124;8;3.25;2.41
;124;15;4.19;2.78
;124;10;4.73;2.53
;124;31;2.37;4.19
;124;41;1.77;4.54
;124;42;0.94;4.56
;124;7;3.20;2.87
;124;57;2.09;2.91
;124;58;5.27;2.18
;124;44;1.24;2.76
;125;1;3.82;2.55
;125;2;5.25;3.02
;125;3;4.16;4.28
;125;8;3.26;2.41
;125;15;4.19;2.78
;125;10;4.73;2.54
;125;31;2.39;4.21
;125;41;1.77;4.54
;125;42;0.94;4.56
;125;7;3.21;2.87
;125;57;2.09;2.91
;125;58;5.28;2.19
;125;44;1.22;2.77
;126;1;3.82;2.55
;126;2;5.25;3.02
;126;3;4.16;4.27
;126;8;3.26;2.41
;126;15;4.19;2.78
;126;10;4.73;2.54
;126;31;2.41;4.22
;126;41;1.77;4.53
;126;42;0.94;4.55
;126;7;3.21;2.87
;126;57;2.09;2.91
;126;58;5.28;2.20
;126;44;1.19;2.78
;127;1;3.82;2.55
;127;2;5.25;3.02
;127;3;4.16;4.26
;127;8;3.26;2.41
;127;15;4.19;2.78
;127;10;4.73;2.55
;127;31;2.43;4.24
;127;41;1.77;4.52
;127;42;0.95;4.55
;127;7;3.21;2.87
;127;57;2.08;2.92
;127;58;5.28;2.20
;127;44;1.18;2.79
;128;1;3.82;2.55
;128;2;5.25;3.02
;128;3;4.15;4.26
;128;8;3.25;2.40
;128;15;4.19;2.78
;128;10;4.73;2.55
;128;31;2.44;4.25
;128;41;1.77;4.51
;128;42;0.95;4.55
;128;7;3.21;2.87
;128;57;2.08;2.92
;128;58;5.28;2.20
;128;44;1.18;2.79
;128;60;2.59;2.71
;129;1;3.82;2.55
;129;2;5.25;3.02
;129;3;4.15;4.26
;129;8;3.26;2.40
;129;15;4.19;2.78
;129;10;4.74;2.56
;129;31;2.46;4.26
;129;41;1.77;4.51
;129;42;0.94;4.53
;129;7;3.21;2.87
;129;57;2.08;2.92
;129;58;5.29;2.20
;129;44;1.17;2.80
;129;60;2.59;2.71
;130;1;3.82;2.55
;130;2;5.25;3.02
;130;3;4.15;4.26
;130;8;3.26;2.40
;130;15;4.19;2.78
;130;10;4.75;2.56
;130;31;2.47;4.28
;130;41;1.77;4.53
;130;42;0.94;4.55
;130;7;3.21;2.86
;130;57;2.08;2.92
;130;58;5.29;2.21
;130;44;1.17;2.80
;130;60;2.59;2.72
;131;1;3.82;2.55
;131;2;5.25;3.02
;131;3;4.15;4.26
;131;8;3.26;2.40
;131;15;4.19;2.78
;131;10;4.76;2.57
;131;31;2.49;4.31
;131;41;1.77;4.52
;131;42;0.94;4.56
;131;7;3.21;2.86
;131;57;2.08;2.92
;131;58;5.30;2.20
;131;44;1.16;2.79
;131;60;2.59;2.72
;132;1;3.82;2.55
;132;2;5.25;3.02
;132;3;4.14;4.24
;132;8;3.26;2.40
;132;15;4.19;2.78
;132;10;4.76;2.57
;132;31;2.50;4.34
;132;42;0.95;4.56
;132;7;3.21;2.86
;132;58;5.31;2.20
;132;60;2.59;2.73
;133;1;3.82;2.55
;133;2;5.25;3.02
;133;3;4.14;4.24
;133;8;3.25;2.40
;133;15;4.19;2.78
;133;10;4.76;2.56
;133;31;2.51;4.38
;133;42;0.95;4.54
;133;7;3.21;2.86
;133;58;5.31;2.19
;133;60;2.59;2.73
;134;1;3.82;2.55
;134;2;5.25;3.02
;134;3;4.14;4.24
;134;8;3.25;2.40
;134;15;4.19;2.77
;134;10;4.76;2.56
;134;31;2.51;4.39
;134;42;0.95;4.53
;134;7;3.21;2.86
;134;58;5.31;2.19
;134;60;2.59;2.73
;135;1;3.82;2.55
;135;2;5.25;3.02
;135;3;4.14;4.24
;135;8;3.25;2.40
;135;15;4.19;2.78
;135;10;4.77;2.55
;135;31;2.52;4.43
;135;42;0.95;4.55
;135;7;3.21;2.86
;135;58;5.32;2.19
;135;60;2.59;2.74
;136;1;3.82;2.54
;136;2;5.25;3.02
;136;3;4.14;4.24
;136;8;3.25;2.40
;136;15;4.19;2.78
;136;10;4.76;2.56
;136;31;2.53;4.48
;136;42;0.95;4.55
;136;7;3.21;2.86
;136;58;5.33;2.18
;136;60;2.58;2.74
;137;1;3.82;2.54
;137;2;5.25;3.02
;137;3;4.14;4.24
;137;8;3.25;2.39
;137;15;4.19;2.78
;137;10;4.77;2.56
;137;31;2.54;4.55
;137;42;0.95;4.55
;137;7;3.21;2.86
;137;58;5.32;2.18
;137;60;2.58;2.74
;137;57;2.10;2.93
;138;1;3.82;2.54
;138;2;5.25;3.02
;138;3;4.14;4.24
;138;8;3.25;2.40
;138;15;4.19;2.78
;138;10;4.77;2.58
;138;31;2.55;4.63
;138;7;3.21;2.85
;138;58;5.32;2.17
;138;60;2.58;2.74
;138;57;2.10;2.93
;139;1;3.82;2.54
;139;2;5.25;3.02
;139;3;4.13;4.23
;139;8;3.26;2.40
;139;15;4.19;2.78
;139;10;4.77;2.58
;139;31;2.56;4.68
;139;7;3.21;2.85
;139;58;5.32;2.17
;139;60;2.58;2.74
;139;57;2.10;2.93
;140;1;3.82;2.54
;140;2;5.25;3.02
;140;3;4.13;4.23
;140;8;3.26;2.40
;140;15;4.19;2.78
;140;10;4.77;2.58
;140;31;2.57;4.70
;140;7;3.21;2.85
;140;58;5.32;2.17
;140;60;2.58;2.74
;140;57;2.10;2.93
;141;1;3.82;2.54
;141;2;5.25;3.02
;141;3;4.13;4.22
;141;8;3.26;2.40
;141;15;4.19;2.78
;141;10;4.77;2.59
;141;31;2.57;4.71
;141;7;3.21;2.85
;141;58;5.31;2.17
;141;60;2.58;2.73
;141;57;2.09;2.93
;141;44;1.13;2.78
;142;1;3.82;2.54
;142;2;5.25;3.02
;142;3;4.12;4.22
;142;8;3.26;2.39
;142;15;4.19;2.78
;142;10;4.76;2.59
;142;31;2.59;4.72
;142;7;3.21;2.85
;142;58;5.31;2.17
;142;60;2.58;2.73
;142;57;2.09;2.93
;142;44;1.13;2.79
;143;1;3.82;2.54
;143;2;5.25;3.02
;143;3;4.12;4.22
;143;8;3.25;2.39
;143;15;4.19;2.78
;143;10;4.76;2.59
;143;31;2.60;4.72
;143;7;3.21;2.85
;143;58;5.31;2.17
;143;60;2.58;2.72
;143;57;2.09;2.93
;143;44;1.13;2.79
;144;1;3.82;2.54
;144;2;5.25;3.02
;144;3;4.12;4.22
;144;8;3.25;2.39
;144;15;4.19;2.77
;144;10;4.75;2.59
;144;31;2.62;4.72
;144;7;3.21;2.85
;144;58;5.31;2.18
;144;60;2.58;2.72
;144;57;2.08;2.93
;144;44;1.12;2.78
;145;1;3.82;2.54
;145;2;5.25;3.02
;145;3;4.12;4.22
;145;8;3.25;2.39
;145;15;4.19;2.77
;145;10;4.76;2.59
;145;31;2.63;4.72
;145;7;3.21;2.85
;145;58;5.31;2.18
;145;60;2.58;2.70
;145;57;2.07;2.94
;145;44;1.12;2.78
;146;1;3.82;2.54
;146;2;5.25;3.02
;146;3;4.12;4.22
;146;8;3.25;2.39
;146;15;4.19;2.77
;146;10;4.76;2.59
;146;31;2.64;4.72
;146;7;3.21;2.85
;146;58;5.31;2.18
;146;60;2.58;2.70
;146;57;2.07;2.94
;146;44;1.12;2.78
;147;1;3.82;2.54
;147;2;5.25;3.02
;147;3;4.12;4.22
;147;8;3.25;2.38
;147;15;4.19;2.77
;147;10;4.76;2.59
;147;31;2.65;4.71
;147;7;3.21;2.85
;147;58;5.31;2.18
;147;60;2.58;2.70
;147;44;1.12;2.79
;147;42;0.95;4.56
;148;1;3.82;2.54
;148;2;5.25;3.02
;148;3;4.12;4.22
;148;8;3.25;2.38
;148;15;4.19;2.77
;148;10;4.76;2.58
;148;31;2.67;4.72
;148;7;3.21;2.85
;148;58;5.31;2.19
;148;60;2.58;2.71
;148;44;1.11;2.78
;148;42;0.95;4.56
;149;1;3.82;2.54
;149;2;5.25;3.01
;149;3;4.12;4.21
;149;8;3.25;2.38
;149;15;4.19;2.77
;149;10;4.75;2.58
;149;31;2.69;4.74
;149;7;3.21;2.85
;149;58;5.31;2.19
;149;60;2.58;2.70
;149;44;1.11;2.78
;149;42;0.95;4.56
;149;64;0.23;1.63
;150;1;3.82;2.54
;150;2;5.25;3.01
;150;3;4.12;4.21
;150;8;3.25;2.38
;150;15;4.19;2.77
;150;10;4.75;2.57
;150;31;2.71;4.77
;150;7;3.21;2.85
;150;58;5.30;2.19
;150;60;2.58;2.70
;150;44;1.11;2.79
;150;42;0.95;4.56
;150;64;0.23;1.63
;151;1;3.82;2.54
;151;2;5.25;3.01
;151;3;4.12;4.21
;151;8;3.25;2.38
;151;15;4.19;2.77
;151;10;4.75;2.56
;151;31;2.71;4.81
;151;7;3.21;2.85
;151;58;5.30;2.19
;151;44;1.11;2.79
;151;42;0.95;4.56
;151;64;0.23;1.63
;152;1;3.82;2.54
;152;2;5.25;3.01
;152;3;4.12;4.21
;152;8;3.25;2.38
;152;15;4.19;2.77
;152;10;4.75;2.56
;152;31;2.71;4.82
;152;7;3.21;2.85
;152;58;5.31;2.19
;152;44;1.11;2.79
;152;42;0.95;4.56
;152;64;0.23;1.63
;153;1;3.82;2.54
;153;2;5.25;3.01
;153;3;4.12;4.21
;153;8;3.25;2.38
;153;15;4.19;2.78
;153;10;4.67;2.55
;153;7;3.21;2.85
;153;58;5.30;2.19
;153;44;1.10;2.80
;153;42;0.95;4.56
;153;64;0.23;1.63
;154;1;3.82;2.54
;154;2;5.25;3.01
;154;3;4.12;4.21
;154;8;3.25;2.38
;154;15;4.19;2.77
;154;10;4.64;2.55
;154;7;3.21;2.85
;154;58;5.30;2.19
;154;44;1.10;2.80
;154;42;0.95;4.57
;154;64;0.23;1.63
;155;1;3.82;2.54
;155;2;5.25;3.01
;155;3;4.12;4.21
;155;8;3.25;2.38
;155;15;4.19;2.77
;155;10;4.63;2.54
;155;7;3.21;2.85
;155;58;5.30;2.20
;155;44;1.10;2.81
;155;42;0.96;4.56
;155;64;0.23;1.63
;156;1;3.82;2.54
;156;2;5.25;3.01
;156;3;4.12;4.21
;156;8;3.25;2.38
;156;15;4.19;2.77
;156;10;4.62;2.54
;156;7;3.21;2.85
;156;58;5.30;2.20
;156;44;1.10;2.80
;156;42;0.96;4.56
;156;64;0.24;1.63
;157;1;3.82;2.54
;157;2;5.25;3.01
;157;3;4.12;4.21
;157;8;3.25;2.38
;157;15;4.19;2.81
;157;10;4.61;2.52
;157;7;3.22;2.84
;157;58;5.30;2.20
;157;44;1.10;2.80
;157;42;0.95;4.57
;157;64;0.24;1.63
;158;1;3.82;2.54
;158;2;5.25;3.01
;158;3;4.12;4.21
;158;8;3.25;2.38
;158;15;4.19;2.83
;158;10;4.61;2.52
;158;7;3.22;2.84
;158;58;5.30;2.20
;158;44;1.10;2.80
;158;42;0.95;4.57
;158;64;0.24;1.63
;159;1;3.82;2.54
;159;2;5.25;3.01
;159;3;4.12;4.21
;159;8;3.25;2.38
;159;15;4.19;2.84
;159;10;4.65;2.51
;159;7;3.22;2.84
;159;58;5.31;2.20
;159;44;1.10;2.79
;159;64;0.23;1.64
;160;1;3.82;2.54
;160;2;5.25;3.01
;160;3;4.12;4.22
;160;8;3.25;2.38
;160;15;4.19;2.84
;160;10;4.62;2.51
;160;7;3.22;2.84
;160;58;5.32;2.20
;160;44;1.10;2.80
;160;64;0.23;1.64
;161;1;3.82;2.54
;161;2;5.25;3.01
;161;3;4.12;4.22
;161;8;3.25;2.38
;161;15;4.19;2.85
;161;10;4.60;2.50
;161;7;3.23;2.85
;161;58;5.33;2.20
;161;44;1.10;2.80
;161;64;0.29;1.68
;162;1;3.82;2.54
;162;2;5.25;3.02
;162;3;4.12;4.23
;162;8;3.26;2.38
;162;15;4.19;2.85
;162;10;4.60;2.50
;162;7;3.23;2.85
;162;58;5.33;2.21
;162;44;1.10;2.80
;162;64;0.31;1.70
;162;60;2.57;2.71
;163;1;3.82;2.54
;163;2;5.25;3.02
;163;3;4.12;4.23
;163;8;3.26;2.38
;163;15;4.18;2.85
;163;10;4.59;2.50
;163;7;3.23;2.85
;163;58;5.31;2.22
;163;44;1.09;2.81
;163;64;0.32;1.71
;163;60;2.56;2.71
;164;1;3.82;2.54
;164;2;5.25;3.02
;164;3;4.12;4.23
;164;8;3.26;2.38
;164;15;4.18;2.85
;164;10;4.59;2.50
;164;7;3.23;2.85
;164;58;5.31;2.22
;164;44;1.09;2.81
;164;64;0.32;1.71
;164;60;2.56;2.71
;165;1;3.82;2.54
;165;2;5.25;3.02
;165;3;4.12;4.23
;165;8;3.26;2.38
;165;15;4.19;2.85
;165;10;4.59;2.50
;165;7;3.23;2.85
;165;58;5.25;2.23
;165;44;1.09;2.81
;165;64;0.33;1.71
;165;60;2.55;2.70
;166;1;3.82;2.54
;166;2;5.25;3.02
;166;3;4.12;4.23
;166;8;3.26;2.38
;166;15;4.19;2.85
;166;10;4.58;2.51
;166;7;3.23;2.85
;166;58;5.22;2.26
;166;44;1.09;2.81
;166;64;0.27;1.66
;166;60;2.54;2.70
;167;1;3.82;2.54
;167;2;5.25;3.01
;167;3;4.12;4.23
;167;8;3.26;2.39
;167;15;4.19;2.85
;167;10;4.58;2.51
;167;7;3.23;2.85
;167;58;5.20;2.26
;167;44;1.09;2.79
;167;64;0.25;1.64
;167;60;2.54;2.70
;168;1;3.82;2.54
;168;2;5.25;3.01
;168;3;4.12;4.23
;168;8;3.26;2.39
;168;15;4.18;2.85
;168;10;4.58;2.50
;168;7;3.23;2.85
;168;58;5.23;2.24
;168;44;1.09;2.79
;168;64;0.24;1.63
;168;60;2.53;2.68
;169;1;3.82;2.54
;169;2;5.25;3.01
;169;3;4.12;4.23
;169;8;3.26;2.39
;169;15;4.19;2.85
;169;10;4.57;2.50
;169;7;3.23;2.85
;169;58;5.22;2.23
;169;44;1.10;2.79
;169;64;0.24;1.63
;169;60;2.53;2.67
;170;1;3.82;2.54
;170;2;5.25;3.01
;170;3;4.12;4.23
;170;8;3.26;2.39
;170;15;4.19;2.85
;170;10;4.57;2.49
;170;7;3.22;2.85
;170;58;5.21;2.23
;170;44;1.10;2.79
;170;64;0.24;1.63
;170;60;2.53;2.66
;171;1;3.82;2.54
;171;2;5.25;3.01
;171;3;4.12;4.24
;171;8;3.26;2.39
;171;15;4.19;2.85
;171;10;4.57;2.49
;171;7;3.22;2.85
;171;58;5.22;2.23
;171;44;1.10;2.79
;171;64;0.24;1.63
;172;1;3.82;2.54
;172;2;5.25;3.02
;172;3;4.13;4.24
;172;8;3.25;2.39
;172;15;4.19;2.85
;172;10;4.57;2.48
;172;7;3.22;2.86
;172;58;5.19;2.24
;172;44;1.10;2.78
;172;64;0.24;1.63
;173;1;3.82;2.54
;173;2;5.25;3.02
;173;3;4.13;4.24
;173;8;3.25;2.39
;173;15;4.19;2.85
;173;10;4.57;2.46
;173;7;3.23;2.86
;173;58;5.18;2.24
;173;64;0.24;1.63
;174;1;3.82;2.54
;174;2;5.25;3.02
;174;3;4.13;4.24
;174;8;3.25;2.39
;174;15;4.19;2.85
;174;10;4.57;2.46
;174;7;3.23;2.86
;174;58;5.18;2.22
;174;64;0.24;1.63
;175;1;3.82;2.54
;175;2;5.25;3.02
;175;3;4.12;4.24
;175;8;3.25;2.39
;175;15;4.19;2.85
;175;10;4.57;2.45
;175;7;3.23;2.86
;175;58;5.17;2.22
;175;64;0.24;1.63
;176;1;3.82;2.54
;176;2;5.25;3.02
;176;3;4.13;4.24
;176;8;3.25;2.39
;176;15;4.19;2.86
;176;10;4.57;2.45
;176;7;3.23;2.86
;176;58;5.26;2.22
;176;64;0.24;1.63
;177;1;3.82;2.54
;177;2;5.25;3.02
;177;3;4.13;4.25
;177;8;3.25;2.39
;177;15;4.19;2.86
;177;10;4.57;2.44
;177;7;3.23;2.86
;177;58;5.30;2.22
;177;64;0.23;1.63
;178;1;3.82;2.54
;178;2;5.25;3.02
;178;3;4.13;4.26
;178;8;3.25;2.39
;178;15;4.19;2.86
;178;10;4.57;2.43
;178;7;3.23;2.86
;178;58;5.31;2.21
;178;64;0.23;1.63
;179;1;3.82;2.54
;179;2;5.25;3.02
;179;3;4.13;4.27
;179;8;3.25;2.39
;179;15;4.19;2.85
;179;10;4.55;2.42
;179;7;3.23;2.86
;179;58;5.31;2.21
;179;64;0.23;1.63
;180;1;3.82;2.54
;180;2;5.25;3.02
;180;3;4.13;4.25
;180;8;3.25;2.39
;180;15;4.19;2.85
;180;10;4.54;2.41
;180;7;3.23;2.86
;180;58;5.31;2.21
;180;64;0.29;1.68
;181;1;3.82;2.54
;181;2;5.25;3.02
;181;3;4.13;4.25
;181;8;3.25;2.39
;181;15;4.19;2.85
;181;10;4.54;2.40
;181;7;3.23;2.86
;181;58;5.26;2.22
;181;64;0.31;1.70
;181;60;2.50;2.64
;182;1;3.82;2.54
;182;2;5.25;3.02
;182;3;4.13;4.25
;182;8;3.25;2.39
;182;15;4.19;2.85
;182;10;4.54;2.40
;182;7;3.23;2.86
;182;58;5.25;2.23
;182;64;0.32;1.71
;182;60;2.50;2.64
;183;1;3.82;2.54
;183;2;5.25;3.02
;183;3;4.13;4.23
;183;8;3.25;2.40
;183;15;4.19;2.85
;183;10;4.53;2.39
;183;7;3.23;2.86
;183;58;5.24;2.23
;183;64;0.32;1.71
;183;60;2.49;2.65
;184;1;3.82;2.54
;184;2;5.25;3.02
;184;3;4.12;4.23
;184;8;3.25;2.40
;184;15;4.19;2.86
;184;10;4.53;2.38
;184;7;3.23;2.86
;184;58;5.24;2.23
;184;64;0.33;1.71
;184;60;2.49;2.69
;185;1;3.82;2.54
;185;2;5.25;3.02
;185;3;4.13;4.24
;185;8;3.25;2.40
;185;15;4.19;2.85
;185;10;4.53;2.37
;185;7;3.23;2.86
;185;58;5.23;2.23
;185;64;0.33;1.71
;185;60;2.49;2.72
;186;1;3.82;2.54
;186;2;5.25;3.02
;186;3;4.13;4.24
;186;8;3.25;2.40
;186;15;4.19;2.86
;186;10;4.53;2.37
;186;7;3.23;2.86
;186;58;5.23;2.22
;186;64;0.33;1.71
;186;60;2.47;2.74
;187;1;3.82;2.54
;187;2;5.25;3.02
;187;3;4.13;4.20
;187;8;3.25;2.40
;187;15;4.19;2.86
;187;7;3.23;2.86
;187;58;5.23;2.22
;187;64;0.33;1.71
;187;60;2.45;2.76
;188;1;3.82;2.54
;188;2;5.25;3.02
;188;3;4.13;4.18
;188;8;3.25;2.40
;188;15;4.19;2.86
;188;7;3.23;2.86
;188;58;5.23;2.22
;188;64;0.32;1.71
;188;60;2.44;2.76
;189;1;3.82;2.54
;189;2;5.25;3.02
;189;3;4.13;4.17
;189;8;3.25;2.40
;189;15;4.19;2.86
;189;7;3.23;2.86
;189;58;5.23;2.22
;189;64;0.32;1.71
;189;60;2.43;2.76
;190;1;3.82;2.54
;190;2;5.25;3.02
;190;3;4.13;4.21
;190;8;3.25;2.40
;190;15;4.19;2.85
;190;7;3.23;2.86
;190;58;5.22;2.22
;190;64;0.32;1.71
;190;60;2.42;2.77
;191;1;3.82;2.54
;191;2;5.25;3.02
;191;3;4.13;4.23
;191;8;3.25;2.40
;191;15;4.19;2.85
;191;7;3.23;2.86
;191;58;5.22;2.22
;191;64;0.32;1.71
;191;60;2.41;2.73
;192;1;3.82;2.54
;192;2;5.25;3.03
;192;3;4.13;4.25
;192;8;3.25;2.40
;192;15;4.19;2.85
;192;7;3.23;2.86
;192;58;5.22;2.22
;192;64;0.32;1.71
;192;60;2.40;2.78
;193;1;3.82;2.54
;193;2;5.25;3.03
;193;3;4.13;4.24
;193;8;3.25;2.40
;193;15;4.19;2.85
;193;7;3.23;2.86
;193;58;5.22;2.22
;193;64;0.32;1.71
;193;60;2.38;2.80
;193;44;1.07;2.78
;194;1;3.82;2.54
;194;2;5.25;3.02
;194;3;4.13;4.23
;194;8;3.25;2.40
;194;15;4.19;2.85
;194;7;3.23;2.86
;194;58;5.22;2.22
;194;64;0.32;1.71
;194;60;2.37;2.81
;194;44;1.07;2.78
;195;1;3.82;2.54
;195;2;5.25;3.03
;195;3;4.14;4.23
;195;8;3.25;2.40
;195;15;4.19;2.85
;195;7;3.23;2.86
;195;58;5.22;2.22
;195;64;0.32;1.71
;195;60;2.35;2.83
;196;1;3.82;2.54
;196;2;5.25;3.03
;196;3;4.14;4.23
;196;8;3.25;2.40
;196;15;4.19;2.85
;196;7;3.23;2.86
;196;58;5.22;2.22
;196;64;0.32;1.71
;196;60;2.33;2.84
;197;1;3.82;2.54
;197;2;5.25;3.03
;197;3;4.15;4.22
;197;8;3.25;2.40
;197;15;4.19;2.86
;197;7;3.23;2.86
;197;58;5.22;2.21
;197;64;0.26;1.66
;197;60;2.29;2.85
;198;1;3.82;2.54
;198;2;5.25;3.03
;198;3;4.15;4.23
;198;8;3.25;2.40
;198;15;4.19;2.86
;198;7;3.23;2.86
;198;58;5.26;2.21
;198;64;0.24;1.64
;198;60;2.26;2.85
